,Round Number,Date,Location,Home Team,Away Team,Result,Result Predicted,Away win %,Draw %,Home win %
0,1,11/08/2018 00:45,Old Trafford,Man Utd,Leicester,2 - 1,H,36.001952582163256,16.80485580553421,47.193191612302535
1,1,11/08/2018 17:15,St. James' Park,Newcastle,Spurs,1 - 2,A,41.79186231488222,22.55858734307509,35.64955034204269
2,1,11/08/2018 19:45,Vitality Stadium,Bournemouth,Cardiff,2 - 0,H,37.77535735737535,22.550988810990162,39.67365383163449
3,1,11/08/2018 19:45,Craven Cottage,Fulham,Crystal Palace,0 - 2,A,42.122201030942854,18.68078097408227,39.197017994974885
4,1,11/08/2018 19:45,John Smith's Stadium,Huddersfield,Chelsea,0 - 3,A,40.08545920718967,24.936051563779856,34.97848922903047
5,1,11/08/2018 19:45,Vicarage Road,Watford,Brighton,2 - 0,A,33.75481567734946,32.887306227058474,33.357878095592056
6,1,11/08/2018 22:15,Molineux Stadium,Wolves,Everton,2 - 2,D,29.422926529637934,37.58321778408625,32.993855686275815
7,1,12/08/2018 18:15,Anfield,Liverpool,West Ham,4 - 0,D,28.298010497703867,39.700882479088946,32.00110702320719
8,1,12/08/2018 18:15,St. Mary's Stadium,Southampton,Burnley,0 - 0,D,31.3826551593731,36.664066930495395,31.953277910131494
9,1,12/08/2018 20:45,Emirates Stadium,Arsenal,Man City,0 - 2,H,31.707816418206562,30.314680637373883,37.97750294441955
10,2,18/08/2018 17:15,Cardiff City Stadium,Cardiff,Newcastle,0 - 0,A,44.76537896721708,14.596202386444975,40.63841864633794
11,2,18/08/2018 19:45,Goodison Park,Everton,Southampton,2 - 1,H,27.330038797833982,32.51857940539882,40.1513817967672
12,2,18/08/2018 19:45,King Power Stadium,Leicester,Wolves,2 - 0,D,34.10471603220254,36.856551120418786,29.038732847378668
13,2,18/08/2018 19:45,Wembley Stadium,Spurs,Fulham,3 - 1,H,31.990912606215403,28.208710003354735,39.80037739042986
14,2,18/08/2018 19:45,London Stadium,West Ham,Bournemouth,1 - 2,A,36.38261154864858,30.484197248493068,33.133191202858356
15,2,18/08/2018 22:15,Stamford Bridge,Chelsea,Arsenal,3 - 2,D,32.15070162453671,37.47621165990071,30.373086715562586
16,2,19/08/2018 18:15,Turf Moor,Burnley,Watford,1 - 3,H,38.65379350457689,13.570800858953536,47.775405636469564
17,2,19/08/2018 18:15,Etihad Stadium,Man City,Huddersfield,6 - 1,H,29.91492496883941,34.86948955677026,35.21558547439032
18,2,19/08/2018 20:45,Amex Stadium,Brighton,Man Utd,3 - 2,D,29.25121776011273,42.49395154408371,28.254830695803562
19,2,21/08/2018 00:45,Selhurst Park,Crystal Palace,Liverpool,0 - 2,A,43.98097380404342,21.879849021947457,34.13917717400913
20,3,25/08/2018 17:15,Molineux Stadium,Wolves,Man City,1 - 1,A,38.68402712739509,23.749963276611506,37.56600959599341
21,3,25/08/2018 19:45,Emirates Stadium,Arsenal,West Ham,3 - 1,H,26.252775335432638,34.43121351795372,39.31601114661363
22,3,25/08/2018 19:45,Vitality Stadium,Bournemouth,Everton,2 - 2,D,23.933414394774452,48.59579048937414,27.470795115851416
23,3,25/08/2018 19:45,John Smith's Stadium,Huddersfield,Cardiff,0 - 0,A,42.77376381199612,15.096919901292821,42.12931628671106
24,3,25/08/2018 19:45,St. Mary's Stadium,Southampton,Leicester,1 - 2,A,38.04761270841107,28.31548259607507,33.636904695513856
25,3,25/08/2018 22:15,Anfield,Liverpool,Brighton,1 - 0,D,30.823628881075614,37.36890680584048,31.807464313083912
26,3,26/08/2018 18:15,Vicarage Road,Watford,Crystal Palace,2 - 1,A,40.57265487937709,22.99874609315181,36.42859902747111
27,3,26/08/2018 20:45,Craven Cottage,Fulham,Burnley,4 - 2,H,34.432433070867916,26.76759613403218,38.79997079509991
28,3,26/08/2018 20:45,St. James' Park,Newcastle,Chelsea,1 - 2,A,42.294119585322385,23.050373899766292,34.65550651491133
29,3,28/08/2018 00:45,Old Trafford,Man Utd,Spurs,0 - 3,H,35.87364829772161,21.40454111154963,42.72181059072877
30,4,01/09/2018 17:15,King Power Stadium,Leicester,Liverpool,1 - 2,D,31.528375087687106,37.16815379466234,31.30347111765056
31,4,01/09/2018 19:45,Amex Stadium,Brighton,Fulham,2 - 2,D,19.828505946720764,49.80275499339615,30.368739059883083
32,4,01/09/2018 19:45,Stamford Bridge,Chelsea,Bournemouth,2 - 0,D,29.558534004158034,38.15533602595045,32.28612996989151
33,4,01/09/2018 19:45,Selhurst Park,Crystal Palace,Southampton,0 - 2,A,41.55976012277365,21.027830528308815,37.41240934891752
34,4,01/09/2018 19:45,Goodison Park,Everton,Huddersfield,1 - 1,D,25.603160394269143,40.411259399847246,33.98558020588362
35,4,01/09/2018 19:45,London Stadium,West Ham,Wolves,0 - 1,A,40.627802011864425,29.701460015907262,29.670737972228327
36,4,01/09/2018 22:15,Etihad Stadium,Man City,Newcastle,2 - 1,H,38.20606440598569,17.716876417845782,44.077059176168525
37,4,02/09/2018 18:15,Cardiff City Stadium,Cardiff,Arsenal,2 - 3,A,42.14965377494107,23.797384265529196,34.052961959529746
38,4,02/09/2018 20:45,Turf Moor,Burnley,Man Utd,0 - 2,A,44.32375530960437,20.507982952988474,35.168261737407164
39,4,02/09/2018 20:45,Vicarage Road,Watford,Spurs,2 - 1,A,38.0061506555805,29.686593932128176,32.30725541229133
40,5,15/09/2018 17:15,Wembley Stadium,Spurs,Liverpool,1 - 2,A,37.85839894268005,24.859602409419757,37.2819986479002
41,5,15/09/2018 19:45,Vitality Stadium,Bournemouth,Leicester,4 - 2,H,34.74534953055516,27.66365761433568,37.590992855109164
42,5,15/09/2018 19:45,Stamford Bridge,Chelsea,Cardiff,4 - 1,H,38.99514523426602,20.35828900526968,40.64656576046431
43,5,15/09/2018 19:45,John Smith's Stadium,Huddersfield,Crystal Palace,0 - 1,A,41.740645797678624,18.355922109972802,39.90343209234858
44,5,15/09/2018 19:45,Etihad Stadium,Man City,Fulham,3 - 0,H,27.987403972161633,31.869944737329035,40.14265129050934
45,5,15/09/2018 19:45,St. James' Park,Newcastle,Arsenal,1 - 2,A,39.13031338164495,28.204064791123585,32.665621827231455
46,5,15/09/2018 22:15,Vicarage Road,Watford,Man Utd,1 - 2,A,39.06568986191811,32.00391591769164,28.930394220390234
47,5,16/09/2018 18:15,Molineux Stadium,Wolves,Burnley,1 - 0,H,33.81192233162844,24.935074765833445,41.253002902538114
48,5,16/09/2018 20:45,Goodison Park,Everton,West Ham,1 - 3,H,26.90073969426322,32.357701744265924,40.74155856147085
49,5,18/09/2018 00:45,St. Mary's Stadium,Southampton,Brighton,2 - 2,D,32.51518448495919,37.68183623499825,29.802979280042564
50,6,22/09/2018 17:15,Craven Cottage,Fulham,Watford,1 - 1,H,36.734495911813,18.514211778368615,44.75129230981839
51,6,22/09/2018 19:45,Turf Moor,Burnley,Bournemouth,4 - 0,H,37.32814663218598,24.6832709209086,37.988582446905426
52,6,22/09/2018 19:45,Cardiff City Stadium,Cardiff,Man City,0 - 5,A,43.79240113124692,19.403882322618912,36.80371654613418
53,6,22/09/2018 19:45,Selhurst Park,Crystal Palace,Newcastle,0 - 0,A,47.72683225127977,13.088996202168552,39.18417154655168
54,6,22/09/2018 19:45,King Power Stadium,Leicester,Huddersfield,3 - 1,D,27.524076412162163,43.87593746430027,28.59998612353756
55,6,22/09/2018 19:45,Anfield,Liverpool,Southampton,3 - 0,D,28.713548275037283,39.86663227242405,31.41981945253868
56,6,22/09/2018 19:45,Old Trafford,Man Utd,Wolves,1 - 1,H,34.772575777325336,27.12252245074182,38.10490177193284
57,6,22/09/2018 22:15,Amex Stadium,Brighton,Spurs,1 - 2,D,28.48345320108445,39.90834836576746,31.608198433148083
58,6,23/09/2018 18:15,London Stadium,West Ham,Chelsea,0 - 0,A,42.72926118640894,24.23092704052969,33.03981177306137
59,6,23/09/2018 20:45,Emirates Stadium,Arsenal,Everton,2 - 0,D,23.270444610195998,44.35440676194526,32.37514862785873
60,7,29/09/2018 17:15,London Stadium,West Ham,Man Utd,3 - 1,A,43.561283189934855,25.806201423447796,30.63251538661735
61,7,29/09/2018 19:45,Emirates Stadium,Arsenal,Watford,2 - 0,H,29.673127688864597,22.149123770646,48.1777485404894
62,7,29/09/2018 19:45,Goodison Park,Everton,Fulham,3 - 0,H,23.995501796823476,37.19649324938972,38.80800495378682
63,7,29/09/2018 19:45,John Smith's Stadium,Huddersfield,Spurs,0 - 2,A,39.62764108902952,24.381057220664808,35.99130169030566
64,7,29/09/2018 19:45,Etihad Stadium,Man City,Brighton,2 - 0,H,33.552871429508876,25.144212089449443,41.30291648104167
65,7,29/09/2018 19:45,St. James' Park,Newcastle,Leicester,0 - 2,A,42.11543899834031,17.810106711252306,40.074454290407374
66,7,29/09/2018 19:45,Molineux Stadium,Wolves,Southampton,2 - 0,H,33.17921594416377,27.89851208026822,38.922271975568016
67,7,29/09/2018 22:15,Stamford Bridge,Chelsea,Liverpool,1 - 1,D,30.734017368319684,37.95884771334899,31.307134918331347
68,7,30/09/2018 20:45,Cardiff City Stadium,Cardiff,Burnley,1 - 2,H,38.682665338462954,20.658733086167196,40.65860157536984
69,7,02/10/2018 00:45,Vitality Stadium,Bournemouth,Crystal Palace,2 - 1,H,36.48045456477858,26.429703170054513,37.08984226516691
70,8,06/10/2018 00:45,Amex Stadium,Brighton,West Ham,1 - 0,D,22.498514534812937,45.279803769231144,32.221681695955915
71,8,06/10/2018 19:45,Turf Moor,Burnley,Huddersfield,1 - 1,A,35.088863305686196,30.11292127692583,34.79821541738798
72,8,06/10/2018 19:45,Selhurst Park,Crystal Palace,Wolves,0 - 1,A,46.6786114863469,21.744754596637986,31.57663391701511
73,8,06/10/2018 19:45,King Power Stadium,Leicester,Everton,1 - 2,D,25.82954118119615,45.51588263190091,28.654576186902954
74,8,06/10/2018 19:45,Wembley Stadium,Spurs,Cardiff,1 - 0,H,43.98407688504408,11.689105178628683,44.326817936327245
75,8,06/10/2018 19:45,Vicarage Road,Watford,Bournemouth,0 - 4,D,32.21085909903319,36.770284676873914,31.018856224092882
76,8,06/10/2018 22:15,Old Trafford,Man Utd,Newcastle,3 - 2,H,36.30381673168151,16.884562151788575,46.81162111652991
77,8,07/10/2018 16:45,Craven Cottage,Fulham,Arsenal,1 - 5,A,37.26985306061876,30.450943914660005,32.279203024721234
78,8,07/10/2018 19:00,St. Mary's Stadium,Southampton,Chelsea,0 - 3,A,37.10427282476187,34.96939411307729,27.92633306216084
79,8,07/10/2018 21:15,Anfield,Liverpool,Man City,0 - 0,D,34.00923130309473,35.31634024384906,30.67442845305621
80,9,20/10/2018 17:15,Stamford Bridge,Chelsea,Man Utd,2 - 2,A,36.20977613749469,33.46608614446927,30.324137718036027
81,9,20/10/2018 19:45,Vitality Stadium,Bournemouth,Southampton,0 - 0,D,27.58401327013411,39.284102277670065,33.131884452195834
82,9,20/10/2018 19:45,Cardiff City Stadium,Cardiff,Fulham,4 - 2,H,34.425786928717926,27.617231991638935,37.956981079643136
83,9,20/10/2018 19:45,Etihad Stadium,Man City,Burnley,5 - 0,H,32.17945872748338,24.413865262665947,43.40667600985066
84,9,20/10/2018 19:45,St. James' Park,Newcastle,Brighton,0 - 1,A,37.55755715869808,25.364468869854207,37.077973971447726
85,9,20/10/2018 19:45,London Stadium,West Ham,Spurs,0 - 1,A,42.236242424665946,23.71742498645369,34.04633258888037
86,9,20/10/2018 19:45,Molineux Stadium,Wolves,Watford,0 - 2,H,35.805369349524376,16.85469011986578,47.339940530609844
87,9,20/10/2018 22:15,John Smith's Stadium,Huddersfield,Liverpool,0 - 1,A,35.33227314643229,30.77703693956045,33.890689914007254
88,9,21/10/2018 20:45,Goodison Park,Everton,Crystal Palace,2 - 0,H,35.51276693267052,20.937177831563172,43.55005523576631
89,9,23/10/2018 00:45,Emirates Stadium,Arsenal,Leicester,3 - 1,H,33.36190522254318,23.509267589118345,43.12882718833847
90,10,27/10/2018 19:45,Amex Stadium,Brighton,Wolves,1 - 0,D,26.59610502995699,46.53522571994183,26.868669250101178
91,10,27/10/2018 19:45,Craven Cottage,Fulham,Bournemouth,0 - 3,A,34.3695857392688,31.3382328230282,34.292181437703
92,10,27/10/2018 19:45,Anfield,Liverpool,Cardiff,4 - 1,A,39.356170308115814,22.857799357368197,37.786030334515985
93,10,27/10/2018 19:45,St. Mary's Stadium,Southampton,Newcastle,0 - 0,A,38.310511405805634,28.37138433908461,33.31810425510975
94,10,27/10/2018 19:45,Vicarage Road,Watford,Huddersfield,3 - 0,D,29.405583816144187,43.12263234922598,27.471783834629836
95,10,27/10/2018 22:15,King Power Stadium,Leicester,West Ham,1 - 1,D,29.218154572198408,35.736058069166745,35.04578735863485
96,10,28/10/2018 19:15,Turf Moor,Burnley,Chelsea,0 - 4,A,43.27986911819695,19.074288042496903,37.645842839306155
97,10,28/10/2018 19:15,Selhurst Park,Crystal Palace,Arsenal,2 - 2,A,45.447498089646366,21.55587043705544,32.99663147329819
98,10,28/10/2018 21:45,Old Trafford,Man Utd,Everton,2 - 1,H,26.871629648323044,35.1227897684099,38.005580583267054
99,10,30/10/2018 01:45,Wembley Stadium,Spurs,Man City,0 - 1,A,40.86597087097728,20.128083949115407,39.00594517990733
100,11,03/11/2018 18:15,Vitality Stadium,Bournemouth,Man Utd,1 - 2,D,34.68591465338072,36.062333020435574,29.251752326183713
101,11,03/11/2018 20:45,Cardiff City Stadium,Cardiff,Leicester,0 - 1,A,44.475452588192965,14.531211207191166,40.99333620461587
102,11,03/11/2018 20:45,Goodison Park,Everton,Brighton,3 - 1,H,29.275121279407884,30.25963388559894,40.46524483499318
103,11,03/11/2018 20:45,St. James' Park,Newcastle,Watford,1 - 0,H,38.23337313361952,16.77574698992286,44.99087987645762
104,11,03/11/2018 20:45,London Stadium,West Ham,Burnley,4 - 2,H,36.45488767575373,25.93051654237103,37.614595781875245
105,11,03/11/2018 23:15,Emirates Stadium,Arsenal,Liverpool,1 - 1,D,28.528863780032815,36.01107081254853,35.46006540741866
106,11,04/11/2018 01:30,Molineux Stadium,Wolves,Spurs,2 - 3,A,39.58215535811739,22.845050278046653,37.57279436383596
107,11,04/11/2018 20:45,Etihad Stadium,Man City,Southampton,6 - 1,H,31.551292412857894,27.264361458107683,41.184346129034424
108,11,04/11/2018 21:45,Stamford Bridge,Chelsea,Crystal Palace,3 - 1,H,37.76515763171056,24.114016271473503,38.12082609681593
109,11,06/11/2018 01:45,John Smith's Stadium,Huddersfield,Fulham,1 - 0,H,29.370042396668538,34.43272929134078,36.197228311990685
110,12,10/11/2018 18:15,Cardiff City Stadium,Cardiff,Brighton,2 - 1,A,40.3213019981526,21.213738595860566,38.46495940598683
111,12,10/11/2018 20:45,John Smith's Stadium,Huddersfield,West Ham,1 - 1,H,32.69859383605632,29.48144647277647,37.81995969116722
112,12,10/11/2018 20:45,King Power Stadium,Leicester,Burnley,0 - 0,H,30.55216088899535,32.50088130366989,36.94695780733476
113,12,10/11/2018 20:45,St. James' Park,Newcastle,Bournemouth,2 - 1,A,36.098788314154255,29.146961333440323,34.7542503524054
114,12,10/11/2018 20:45,St. Mary's Stadium,Southampton,Watford,1 - 1,H,34.56784559903176,27.158910104525674,38.27324429644256
115,12,10/11/2018 23:15,Selhurst Park,Crystal Palace,Spurs,0 - 1,A,47.628846608758884,16.834427221757135,35.53672616948399
116,12,11/11/2018 17:45,Anfield,Liverpool,Fulham,2 - 0,D,25.074713145458404,44.67330219994808,30.25198465459351
117,12,11/11/2018 20:00,Stamford Bridge,Chelsea,Everton,0 - 0,D,25.156045703191428,46.20967717586115,28.63427712094742
118,12,11/11/2018 22:15,Emirates Stadium,Arsenal,Wolves,1 - 1,D,31.10684537956085,35.857693452589274,33.035461167849874
119,12,11/11/2018 22:15,Etihad Stadium,Man City,Man Utd,3 - 1,A,39.13460355272525,24.562215371076245,36.3031810761985
120,13,24/11/2018 20:45,Amex Stadium,Brighton,Leicester,1 - 1,H,29.62217904056013,33.71562026300943,36.66220069643044
121,13,24/11/2018 20:45,Goodison Park,Everton,Cardiff,1 - 0,H,36.31694159575442,17.414728775001308,46.26832962924428
122,13,24/11/2018 20:45,Craven Cottage,Fulham,Southampton,3 - 2,H,33.74601838465568,29.7429661164616,36.51101549888272
123,13,24/11/2018 20:45,Old Trafford,Man Utd,Crystal Palace,0 - 0,H,37.64609816245954,16.031175751294658,46.322726086245794
124,13,24/11/2018 20:45,Vicarage Road,Watford,Liverpool,0 - 3,D,33.518017901029715,36.48520868427382,29.996773414696463
125,13,24/11/2018 20:45,London Stadium,West Ham,Man City,0 - 4,A,41.4176565899044,24.63222974928087,33.95011366081473
126,13,24/11/2018 23:15,Tottenham Hotspur Stadium,Spurs,Chelsea,3 - 1,A,42.152888322675494,19.84633601525929,38.00077566206521
127,13,25/11/2018 19:15,Vitality Stadium,Bournemouth,Arsenal,1 - 2,D,30.691365417328896,40.09308461522825,29.215549967442854
128,13,25/11/2018 21:45,Molineux Stadium,Wolves,Huddersfield,0 - 2,D,31.351002665398614,35.69381759234408,32.95517974225729
129,13,27/11/2018 02:15,Turf Moor,Burnley,Newcastle,1 - 2,A,42.95778994588579,14.576055400484275,42.46615465362993
130,14,01/12/2018 01:45,Cardiff City Stadium,Cardiff,Wolves,2 - 1,A,43.40869068192988,23.99860657480905,32.59270274326108
131,14,01/12/2018 20:45,Selhurst Park,Crystal Palace,Burnley,2 - 0,A,41.81064568344654,18.722307450673043,39.46704686588041
132,14,01/12/2018 20:45,John Smith's Stadium,Huddersfield,Brighton,1 - 2,H,35.31717081478487,27.332564055577556,37.35026512963757
133,14,01/12/2018 20:45,King Power Stadium,Leicester,Watford,2 - 0,H,33.16874812544688,23.316805822168575,43.51444605238454
134,14,01/12/2018 20:45,Etihad Stadium,Man City,Bournemouth,3 - 1,H,32.33699911113177,28.94627015701235,38.71673073185588
135,14,01/12/2018 20:45,St. James' Park,Newcastle,West Ham,0 - 3,H,34.95471503286317,27.42740644756961,37.61787851956723
136,14,01/12/2018 23:15,St. Mary's Stadium,Southampton,Man Utd,2 - 2,A,37.682697404757576,36.63852275790423,25.678779837338194
137,14,02/12/2018 17:45,Stamford Bridge,Chelsea,Fulham,2 - 0,D,25.312054232539182,41.47374395429843,33.21420181316239
138,14,02/12/2018 19:50,Emirates Stadium,Arsenal,Spurs,4 - 2,H,32.730710331100035,29.19973959972743,38.06955006917254
139,14,02/12/2018 22:00,Anfield,Liverpool,Everton,1 - 0,D,24.830125797547424,49.26003369961741,25.90984050283518
140,15,05/12/2018 01:30,Vitality Stadium,Bournemouth,Huddersfield,2 - 1,D,25.47401245395797,47.13348135367174,27.3925061923703
141,15,05/12/2018 01:30,Amex Stadium,Brighton,Crystal Palace,3 - 1,H,31.348341193394024,32.34281626934746,36.30884253725851
142,15,05/12/2018 01:30,London Stadium,West Ham,Cardiff,3 - 1,A,45.49778844001722,14.684150522950496,39.818061037032294
143,15,05/12/2018 01:45,Vicarage Road,Watford,Man City,1 - 2,A,37.06272254735367,30.82284622237898,32.11443123026736
144,15,06/12/2018 01:30,Turf Moor,Burnley,Liverpool,1 - 3,A,38.92385462186979,24.06125229616558,37.01489308196464
145,15,06/12/2018 01:30,Craven Cottage,Fulham,Leicester,1 - 1,A,40.50371059277044,19.612598076701808,39.88369133052776
146,15,06/12/2018 01:30,Molineux Stadium,Wolves,Chelsea,2 - 1,A,40.06142260514247,23.37719845829332,36.5613789365642
147,15,06/12/2018 01:30,Goodison Park,Everton,Newcastle,1 - 1,H,34.10263946057404,22.010552994336244,43.88680754508972
148,15,06/12/2018 01:45,Old Trafford,Man Utd,Arsenal,2 - 2,H,33.53533113855479,26.844342881629707,39.620325979815505
149,15,06/12/2018 01:45,Tottenham Hotspur Stadium,Spurs,Southampton,3 - 1,H,35.61933209939446,23.855193821817853,40.525474078787674
150,16,08/12/2018 18:15,Vitality Stadium,Bournemouth,Liverpool,0 - 4,D,29.308941758151136,40.597970084197435,30.093088157651433
151,16,08/12/2018 20:45,Emirates Stadium,Arsenal,Huddersfield,1 - 0,D,24.83863910203479,42.7181440120191,32.443216885946114
152,16,08/12/2018 20:45,Turf Moor,Burnley,Brighton,1 - 0,H,38.591161378786936,21.133423377484206,40.27541524372885
153,16,08/12/2018 20:45,Cardiff City Stadium,Cardiff,Southampton,1 - 0,H,38.28165917563724,23.18389128821422,38.534449536148536
154,16,08/12/2018 20:45,Old Trafford,Man Utd,Fulham,4 - 1,H,26.64909530322785,30.397426857847037,42.95347783892511
155,16,08/12/2018 20:45,London Stadium,West Ham,Crystal Palace,3 - 2,A,44.30382718601138,17.88307854262783,37.8130942713608
156,16,08/12/2018 23:15,Stamford Bridge,Chelsea,Man City,2 - 0,A,34.15926412070074,32.22308346605846,33.61765241324079
157,16,09/12/2018 01:30,King Power Stadium,Leicester,Spurs,0 - 2,A,35.98605575437322,30.260539528431835,33.753404717194954
158,16,09/12/2018 21:45,St. James' Park,Newcastle,Wolves,1 - 2,A,40.34125899322799,28.400054152873906,31.25868685389812
159,16,11/12/2018 01:45,Goodison Park,Everton,Watford,2 - 2,H,30.130661122776843,20.619880116853366,49.249458760369805
160,17,15/12/2018 18:15,Etihad Stadium,Man City,Everton,3 - 1,D,28.111338875983176,36.6926654935449,35.19599563047192
161,17,15/12/2018 20:45,Selhurst Park,Crystal Palace,Leicester,1 - 0,A,47.451651950526816,13.02732122768148,39.52102682179171
162,17,15/12/2018 20:45,John Smith's Stadium,Huddersfield,Newcastle,0 - 1,A,40.34960203593133,19.376753728153304,40.273644235915356
163,17,15/12/2018 20:45,Tottenham Hotspur Stadium,Spurs,Burnley,1 - 0,H,36.092204795093615,21.344731541262483,42.56306366364391
164,17,15/12/2018 20:45,Vicarage Road,Watford,Cardiff,3 - 2,A,41.94633942650933,19.336767580349317,38.71689299314136
165,17,15/12/2018 20:45,Molineux Stadium,Wolves,Bournemouth,2 - 0,H,33.90990406873486,29.570587062381986,36.51950886888314
166,17,15/12/2018 23:15,Craven Cottage,Fulham,West Ham,0 - 2,H,33.25559411328982,29.626930571032972,37.1174753156772
167,17,16/12/2018 19:15,Amex Stadium,Brighton,Chelsea,1 - 2,D,28.63179455844289,40.77747475473807,30.590730686819047
168,17,16/12/2018 19:15,St. Mary's Stadium,Southampton,Arsenal,3 - 2,D,33.49310071883578,40.81313447981578,25.69376480134845
169,17,16/12/2018 21:45,Anfield,Liverpool,Man Utd,3 - 1,D,35.962378428601724,36.46526207607328,27.572359495325006
170,18,22/12/2018 01:45,Molineux Stadium,Wolves,Liverpool,0 - 2,H,35.384075324479156,29.06787561486311,35.548049060657746
171,18,22/12/2018 18:15,Emirates Stadium,Arsenal,Burnley,3 - 1,H,27.51527518406565,31.255483814469663,41.229241001464686
172,18,22/12/2018 20:45,Vitality Stadium,Bournemouth,Brighton,2 - 0,D,29.624162887063466,36.843219754309175,33.53261735862736
173,18,22/12/2018 20:45,Stamford Bridge,Chelsea,Leicester,0 - 1,H,36.03515767402047,25.274432439682755,38.69040988629678
174,18,22/12/2018 20:45,John Smith's Stadium,Huddersfield,Southampton,1 - 3,H,33.20086824667973,29.60560912432747,37.1935226289928
175,18,22/12/2018 20:45,Etihad Stadium,Man City,Crystal Palace,2 - 3,H,39.5689748388351,16.798060370412642,43.632964790752254
176,18,22/12/2018 20:45,St. James' Park,Newcastle,Fulham,0 - 0,H,31.615623309207734,32.21495779114041,36.169418899651845
177,18,22/12/2018 20:45,London Stadium,West Ham,Watford,0 - 2,H,38.83521389212412,17.76885247953179,43.39593362834408
178,18,22/12/2018 23:15,Cardiff City Stadium,Cardiff,Man Utd,1 - 5,A,46.11115915864571,20.5205113151362,33.36832952621809
179,18,23/12/2018 21:45,Goodison Park,Everton,Spurs,2 - 6,H,33.289414259961184,27.34048516586321,39.37010057417562
180,19,26/12/2018 18:15,Craven Cottage,Fulham,Wolves,1 - 1,A,38.45001169188962,30.645260035999762,30.90472827211062
181,19,26/12/2018 20:45,Turf Moor,Burnley,Everton,1 - 5,H,33.088533005263955,31.993511785827415,34.917955208908644
182,19,26/12/2018 20:45,Selhurst Park,Crystal Palace,Cardiff,0 - 0,A,49.81618063361255,9.894543243120301,40.28927612326715
183,19,26/12/2018 20:45,King Power Stadium,Leicester,Man City,2 - 1,A,34.9935842009505,31.42948898739746,33.576926811652044
184,19,26/12/2018 20:45,Anfield,Liverpool,Newcastle,4 - 0,A,36.429714135030785,28.10211427762088,35.468171587348316
185,19,26/12/2018 20:45,Old Trafford,Man Utd,Huddersfield,3 - 1,H,28.55736338772406,33.34107607547765,38.101560536798296
186,19,26/12/2018 20:45,Tottenham Hotspur Stadium,Spurs,Bournemouth,5 - 0,H,36.33741847978512,25.472329666271094,38.190251853943785
187,19,26/12/2018 23:00,Amex Stadium,Brighton,Arsenal,1 - 1,D,25.577930089377976,46.405477643646336,28.01659226697568
188,19,27/12/2018 01:15,Vicarage Road,Watford,Chelsea,1 - 2,A,38.37050883958067,30.327206283067788,31.30228487735154
189,19,28/12/2018 01:30,St. Mary's Stadium,Southampton,West Ham,1 - 2,D,29.91944662938867,40.06071087658833,30.019842494022992
190,20,29/12/2018 20:45,Amex Stadium,Brighton,Everton,1 - 0,D,19.73913214582425,54.06363271483622,26.197235139339526
191,20,29/12/2018 20:45,Craven Cottage,Fulham,Huddersfield,1 - 0,D,31.78724957088149,37.36208573229595,30.850664696822573
192,20,29/12/2018 20:45,King Power Stadium,Leicester,Cardiff,0 - 1,H,39.797366146471205,19.70475940580265,40.497874447726154
193,20,29/12/2018 20:45,Tottenham Hotspur Stadium,Spurs,Wolves,1 - 3,A,40.548265755043886,24.770429821021157,34.68130442393496
194,20,29/12/2018 20:45,Vicarage Road,Watford,Newcastle,1 - 1,A,39.156405909146905,24.191222471801694,36.65237161905141
195,20,29/12/2018 23:15,Anfield,Liverpool,Arsenal,5 - 1,D,31.853653738736266,40.591069772036285,27.55527648922744
196,20,30/12/2018 17:45,Selhurst Park,Crystal Palace,Chelsea,0 - 1,A,48.27838568440664,17.178873018492155,34.5427412971012
197,20,30/12/2018 20:00,Turf Moor,Burnley,West Ham,2 - 0,H,36.051982353620545,22.984555361584576,40.963462284794886
198,20,30/12/2018 20:00,St. Mary's Stadium,Southampton,Man City,1 - 3,A,35.792519243837795,35.567614189270074,28.63986656689213
199,20,30/12/2018 22:15,Old Trafford,Man Utd,Bournemouth,4 - 1,H,30.84494485592283,27.666659327853587,41.48839581622359
200,21,01/01/2019 18:15,Goodison Park,Everton,Leicester,0 - 1,H,33.810837287009655,21.92778524130991,44.26137747168043
201,21,01/01/2019 20:45,Emirates Stadium,Arsenal,Fulham,4 - 1,D,23.301192704028043,39.393871925838106,37.304935370133855
202,21,01/01/2019 23:15,Cardiff City Stadium,Cardiff,Spurs,0 - 3,A,44.510665548459386,18.69653707618353,36.79279737535709
203,21,03/01/2019 01:30,Vitality Stadium,Bournemouth,Watford,3 - 3,H,31.260281278433773,26.373319981804226,42.366398739762005
204,21,03/01/2019 01:30,Stamford Bridge,Chelsea,Southampton,0 - 0,D,28.90622435806549,36.66387857331493,34.429897068619574
205,21,03/01/2019 01:30,John Smith's Stadium,Huddersfield,Burnley,1 - 2,H,33.89305507862199,26.548528836937734,39.55841608444027
206,21,03/01/2019 01:30,London Stadium,West Ham,Brighton,2 - 2,A,37.93896768474589,26.643135752968032,35.417896562286074
207,21,03/01/2019 01:30,Molineux Stadium,Wolves,Crystal Palace,0 - 2,A,41.538735164455346,17.052366736491837,41.40889809905281
208,21,03/01/2019 01:45,St. James' Park,Newcastle,Man Utd,0 - 2,A,43.182886558582204,24.606540990981983,32.21057245043581
209,21,04/01/2019 01:45,Etihad Stadium,Man City,Liverpool,2 - 1,H,33.692937274782516,28.445489716652634,37.86157300856484
210,22,12/01/2019 18:15,London Stadium,West Ham,Arsenal,1 - 0,A,39.43238911845461,29.525880193500136,31.041730688045256
211,22,12/01/2019 20:45,Amex Stadium,Brighton,Liverpool,0 - 1,D,24.303441282615736,46.91525691976521,28.781301797619058
212,22,12/01/2019 20:45,Turf Moor,Burnley,Fulham,2 - 1,H,32.874672367242674,27.441589857574968,39.68373777518235
213,22,12/01/2019 20:45,Cardiff City Stadium,Cardiff,Huddersfield,0 - 0,A,36.66730061062917,30.25889740111416,33.073801988256676
214,22,12/01/2019 20:45,Selhurst Park,Crystal Palace,Watford,1 - 2,H,43.48921998408415,12.205132886998381,44.30564712891747
215,22,12/01/2019 20:45,King Power Stadium,Leicester,Southampton,1 - 2,D,29.66026846069978,35.89193673272344,34.44779480657678
216,22,12/01/2019 23:15,Stamford Bridge,Chelsea,Newcastle,2 - 1,H,36.31384632513453,25.34535007798565,38.34080359687984
217,22,13/01/2019 20:00,Goodison Park,Everton,Bournemouth,2 - 0,H,28.10313517668355,34.173238746168835,37.72362607714761
218,22,13/01/2019 21:48,Tottenham Hotspur Stadium,Spurs,Man Utd,0 - 1,A,43.14733708805858,21.306435588979415,35.54622732296201
219,22,15/01/2019 01:45,Etihad Stadium,Man City,Wolves,3 - 0,A,36.42462632590474,28.347245977273793,35.22812769682147
220,23,19/01/2019 18:15,Molineux Stadium,Wolves,Leicester,,H,39.84608512531504,17.946574188088203,42.20734068659676
221,23,19/01/2019 20:45,Vitality Stadium,Bournemouth,West Ham,,D,27.177971950963858,39.11019839932679,33.71182964970934
222,23,19/01/2019 20:45,Anfield,Liverpool,Crystal Palace,,A,37.91412076958304,26.76300510980954,35.32287412060741
223,23,19/01/2019 20:45,Old Trafford,Man Utd,Brighton,,H,31.894921789443494,23.957385465049736,44.147692745506774
224,23,19/01/2019 20:45,St. James' Park,Newcastle,Cardiff,,A,44.77393980884196,13.849204485766439,41.3768557053916
225,23,19/01/2019 20:45,St. Mary's Stadium,Southampton,Everton,,D,26.225696824345672,49.551626895095886,24.22267628055845
226,23,19/01/2019 20:45,Vicarage Road,Watford,Burnley,,H,32.50590214903165,31.98333644619822,35.51076140477013
227,23,19/01/2019 23:15,Emirates Stadium,Arsenal,Chelsea,,H,33.047968281140555,29.88781751318863,37.06421420567082
228,23,20/01/2019 19:15,John Smith's Stadium,Huddersfield,Man City,,A,38.72838931654548,25.339349650723232,35.9322610327313
229,23,20/01/2019 21:45,Craven Cottage,Fulham,Spurs,,A,40.01937327543352,24.611427231323876,35.369199493242604
230,24,30/01/2019 01:30,Emirates Stadium,Arsenal,Cardiff,,H,35.99463175517509,18.771693492758494,45.23367475206641
231,24,30/01/2019 01:30,Craven Cottage,Fulham,Brighton,,H,35.82145031512253,27.51452227979703,36.66402740508044
232,24,30/01/2019 01:30,John Smith's Stadium,Huddersfield,Everton,,D,29.31683111602249,39.31136336356838,31.371805520409136
233,24,30/01/2019 01:30,Molineux Stadium,Wolves,West Ham,,H,32.6653865363494,27.77627953439235,39.55833392925824
234,24,30/01/2019 01:45,Old Trafford,Man Utd,Burnley,,H,30.608261429497592,23.27538652641743,46.116352044084984
235,24,31/01/2019 01:30,Vitality Stadium,Bournemouth,Chelsea,,D,34.011482017845715,34.32501298914954,31.663504993004743
236,24,31/01/2019 01:30,St. Mary's Stadium,Southampton,Crystal Palace,,A,39.79532832023913,27.011719418432833,33.192952261328045
237,24,31/01/2019 01:45,St. James' Park,Newcastle,Man City,,A,40.98227636019874,23.417353974064252,35.60036966573703
238,24,31/01/2019 01:45,Anfield,Liverpool,Leicester,,A,36.159385267294205,28.039865537957482,35.800749194748306
239,24,31/01/2019 01:45,Tottenham Hotspur Stadium,Spurs,Watford,,H,37.792012790804364,14.22030013771115,47.98768707148449
240,25,02/02/2019 18:15,Tottenham Hotspur Stadium,Spurs,Newcastle,,H,41.94953792087964,15.265958750627215,42.78450332849314
241,25,02/02/2019 20:45,Amex Stadium,Brighton,Watford,,H,26.4431759946673,32.32525711223575,41.23156689309695
242,25,02/02/2019 20:45,Turf Moor,Burnley,Southampton,,H,36.59256117952705,23.071793756929132,40.335645063543815
243,25,02/02/2019 20:45,Stamford Bridge,Chelsea,Huddersfield,,D,26.799399253215423,44.6184541267159,28.582146620068666
244,25,02/02/2019 20:45,Selhurst Park,Crystal Palace,Fulham,,A,37.68202424911969,25.265845369841955,37.052130381038346
245,25,02/02/2019 20:45,Goodison Park,Everton,Wolves,,H,31.79894026752303,33.749447785043216,34.451611947433754
246,25,02/02/2019 23:15,Cardiff City Stadium,Cardiff,Bournemouth,,A,38.95351283829015,24.78014865303574,36.26633850867411
247,25,03/02/2019 19:50,King Power Stadium,Leicester,Man Utd,,A,37.06212947911433,32.66928026404351,30.26859025684216
248,25,03/02/2019 22:15,Etihad Stadium,Man City,Arsenal,,H,35.179581275228536,28.098075285972918,36.722343438798546
249,25,05/02/2019 01:45,London Stadium,West Ham,Liverpool,,A,37.95254455910096,29.960879142716202,32.08657629818283
250,26,09/02/2019 18:15,Craven Cottage,Fulham,Man Utd,,A,41.30331529592516,26.75547995596292,31.941204748111918
251,26,09/02/2019 20:45,Selhurst Park,Crystal Palace,West Ham,,A,40.98360151760505,20.96536538995123,38.05103309244372
252,26,09/02/2019 20:45,John Smith's Stadium,Huddersfield,Arsenal,,A,36.83318179122389,30.354163979309874,32.81265422946624
253,26,09/02/2019 20:45,Anfield,Liverpool,Bournemouth,,D,29.324565613093224,41.223210913938715,29.452223472968065
254,26,09/02/2019 20:45,St. Mary's Stadium,Southampton,Cardiff,,A,41.418785684555836,23.102648684332305,35.478565631111856
255,26,09/02/2019 20:45,Vicarage Road,Watford,Everton,,D,27.640572036932966,44.78097289269377,27.57845507037327
256,26,09/02/2019 23:15,Amex Stadium,Brighton,Burnley,,D,23.871587190535646,41.83940294817485,34.28900986128951
257,26,10/02/2019 19:15,Tottenham Hotspur Stadium,Spurs,Leicester,,H,41.664024559571715,15.194762365158276,43.14121307527001
258,26,10/02/2019 21:45,Etihad Stadium,Man City,Chelsea,,H,38.14154753417361,22.947348311848227,38.911104153978165
259,26,12/02/2019 01:45,Molineux Stadium,Wolves,Newcastle,,H,40.15055034627776,18.01761020911264,41.8318394446096
260,27,23/02/2019 01:30,Cardiff City Stadium,Cardiff,Watford,,H,40.44513113779812,13.621873994015388,45.93299486818649
261,27,23/02/2019 01:30,London Stadium,West Ham,Fulham,,H,31.85169899414265,33.67475225897256,34.47354874688479
262,27,23/02/2019 18:15,Turf Moor,Burnley,Spurs,,A,42.72057024012387,18.666250101587565,38.61317965828855
263,27,23/02/2019 20:45,Vitality Stadium,Bournemouth,Wolves,,D,31.7897145566457,40.24375893596268,27.96652650739163
264,27,23/02/2019 20:45,King Power Stadium,Leicester,Crystal Palace,,A,38.55878860520141,23.41553894145367,38.02567245334493
265,27,23/02/2019 20:45,St. James' Park,Newcastle,Huddersfield,,D,33.57361480256391,35.052822129907824,31.37356306752826
266,27,23/02/2019 23:15,Goodison Park,Everton,Man City,,H,32.29671323032211,28.358804791228547,39.34448197844935
267,27,24/02/2019 17:45,Stamford Bridge,Chelsea,Brighton,,H,30.977367934471832,34.24118663565755,34.781445429870615
268,27,24/02/2019 19:50,Emirates Stadium,Arsenal,Southampton,,H,26.677148367471116,34.60726874983905,38.715582882689844
269,27,24/02/2019 19:50,Old Trafford,Man Utd,Liverpool,,H,32.07813689392253,27.140463156571403,40.78139994950607
270,28,27/02/2019 01:30,Cardiff City Stadium,Cardiff,Everton,,A,34.57817410407132,32.174560685807386,33.247265210121306
271,28,27/02/2019 01:30,John Smith's Stadium,Huddersfield,Wolves,,A,38.05935226348176,30.5558924223856,31.384755314132633
272,28,27/02/2019 01:30,King Power Stadium,Leicester,Brighton,,H,31.75542311963275,33.46768360556496,34.7768932748023
273,28,27/02/2019 01:45,Etihad Stadium,Man City,West Ham,,H,31.061129720642946,27.14069114555933,41.79817913379773
274,28,28/02/2019 01:30,Emirates Stadium,Arsenal,Bournemouth,,H,27.42657603506551,36.24978815858758,36.32363580634692
275,28,28/02/2019 01:30,St. James' Park,Newcastle,Burnley,,H,36.07019546307145,24.681444046328224,39.248360490600334
276,28,28/02/2019 01:30,St. Mary's Stadium,Southampton,Fulham,,D,26.550340536502727,45.06019316624389,28.389466297253392
277,28,28/02/2019 01:45,Selhurst Park,Crystal Palace,Man Utd,,A,49.280625907427954,18.494137244038768,32.225236848533285
278,28,28/02/2019 01:45,Stamford Bridge,Chelsea,Spurs,,A,35.16340198068546,31.032825210182747,33.80377280913179
279,28,28/02/2019 01:45,Anfield,Liverpool,Watford,,H,32.649570180258074,26.801115883749965,40.54931393599195
280,29,02/03/2019 20:45,Vitality Stadium,Bournemouth,Man City,,D,32.70534586380332,34.8587319752101,32.43592216098657
281,29,02/03/2019 20:45,Amex Stadium,Brighton,Huddersfield,,D,20.957112457555144,52.97225001258234,26.070637529862516
282,29,02/03/2019 20:45,Turf Moor,Burnley,Crystal Palace,,A,44.2159381239057,13.796395185186118,41.98766669090818
283,29,02/03/2019 20:45,Goodison Park,Everton,Liverpool,,H,29.217157195999583,33.86190858780579,36.92093421619463
284,29,02/03/2019 20:45,Craven Cottage,Fulham,Chelsea,,A,40.47146180888891,25.14609990460775,34.38243828650335
285,29,02/03/2019 20:45,Old Trafford,Man Utd,Southampton,,H,29.98654718313264,25.96743273273956,44.0460200841278
286,29,02/03/2019 20:45,Tottenham Hotspur Stadium,Spurs,Arsenal,,A,39.32024729038231,24.541834942417363,36.13791776720032
287,29,02/03/2019 20:45,Vicarage Road,Watford,Leicester,,A,38.88590767250374,24.124112514243265,36.989979813253
288,29,02/03/2019 20:45,London Stadium,West Ham,Newcastle,,A,42.970447683699824,18.875300431008107,38.15425188529207
289,29,02/03/2019 20:45,Molineux Stadium,Wolves,Cardiff,,H,42.424386354117196,13.937918746483188,43.63769489939961
290,30,09/03/2019 20:45,Emirates Stadium,Arsenal,Man Utd,,H,33.88909925876038,31.6982288298093,34.412671911430316
291,30,09/03/2019 20:45,Cardiff City Stadium,Cardiff,West Ham,,H,37.72559108764869,23.101938736781264,39.17247017557004
292,30,09/03/2019 20:45,Stamford Bridge,Chelsea,Wolves,,D,33.28301260154986,37.64889010522937,29.068097293220756
293,30,09/03/2019 20:45,Selhurst Park,Crystal Palace,Brighton,,A,43.54814514878748,19.18338799334076,37.26846685787176
294,30,09/03/2019 20:45,John Smith's Stadium,Huddersfield,Bournemouth,,H,33.87254576476323,31.24680547148139,34.88064876375538
295,30,09/03/2019 20:45,King Power Stadium,Leicester,Fulham,,D,25.996234013177684,40.74349451102102,33.2602714758013
296,30,09/03/2019 20:45,Anfield,Liverpool,Burnley,,D,29.719351163370593,36.31263095700392,33.96801787962549
297,30,09/03/2019 20:45,Etihad Stadium,Man City,Watford,,H,33.97495748979546,16.52067084420853,49.504371665996
298,30,09/03/2019 20:45,St. James' Park,Newcastle,Everton,,D,31.596589571615198,36.92017021852865,31.48324020985615
299,30,09/03/2019 20:45,St. Mary's Stadium,Southampton,Spurs,,A,36.816542514498046,34.24874031541316,28.934717170088796
300,31,16/03/2019 20:45,Vitality Stadium,Bournemouth,Newcastle,,H,35.0173039346172,27.731367053646256,37.25132901173654
301,31,16/03/2019 20:45,Amex Stadium,Brighton,Cardiff,,H,32.555422794569,28.314048134349402,39.1305290710816
302,31,16/03/2019 20:45,Turf Moor,Burnley,Leicester,,H,42.66361189268817,14.508343824632464,42.828044282679365
303,31,16/03/2019 20:45,Goodison Park,Everton,Chelsea,,H,33.623595443411084,27.973599404757472,38.40280515183145
304,31,16/03/2019 20:45,Craven Cottage,Fulham,Liverpool,,A,35.81609455739714,30.86746035734563,33.316445085257214
305,31,16/03/2019 20:45,Old Trafford,Man Utd,Man City,,H,34.95240367032557,22.173956621891573,42.87363970778284
306,31,16/03/2019 20:45,Tottenham Hotspur Stadium,Spurs,Crystal Palace,,A,43.19659410206715,14.47447842614815,42.32892747178471
307,31,16/03/2019 20:45,Vicarage Road,Watford,Southampton,,D,31.629354189900162,35.29539304618646,33.075252763913376
308,31,16/03/2019 20:45,London Stadium,West Ham,Huddersfield,,D,33.74454215492979,36.52982578821125,29.725632056858963
309,31,16/03/2019 20:45,Molineux Stadium,Wolves,Arsenal,,A,36.90820302413186,28.67463767941728,34.41715929645087
310,32,30/03/2019 20:45,Emirates Stadium,Arsenal,Newcastle,,H,33.65508271749831,23.590930493873923,42.75398678862777
311,32,30/03/2019 20:45,Amex Stadium,Brighton,Southampton,,D,22.834307447480356,45.498554556504175,31.667137996015477
312,32,30/03/2019 20:45,Turf Moor,Burnley,Wolves,,A,41.68845507539689,23.95779602638493,34.353748898218186
313,32,30/03/2019 20:45,Cardiff City Stadium,Cardiff,Chelsea,,A,45.09802526356496,19.101510188908293,35.80046454752675
314,32,30/03/2019 20:45,Selhurst Park,Crystal Palace,Huddersfield,,A,40.05139052485809,27.691929184647034,32.25668029049488
315,32,30/03/2019 20:45,Craven Cottage,Fulham,Man City,,A,39.16751281330489,25.53885038389489,35.29363680280023
316,32,30/03/2019 20:45,King Power Stadium,Leicester,Bournemouth,,D,30.30206547351853,37.40734969813676,32.290584828344706
317,32,30/03/2019 20:45,Anfield,Liverpool,Spurs,,A,35.0476726028754,34.00927213333891,30.943055263785695
318,32,30/03/2019 20:45,Old Trafford,Man Utd,Watford,,H,32.15506334801804,15.680017054751955,52.16491959723001
319,32,30/03/2019 20:45,London Stadium,West Ham,Everton,,D,31.741442619186788,38.40373995630427,29.85481742450894
320,33,06/04/2019 19:45,Vitality Stadium,Bournemouth,Burnley,,D,28.552023901165352,35.77936961102607,35.66860648780858
321,33,06/04/2019 19:45,Stamford Bridge,Chelsea,West Ham,,D,28.475223168085844,36.50206662643765,35.02271020547649
322,33,06/04/2019 19:45,Goodison Park,Everton,Arsenal,,H,30.630278988885852,33.48910315043725,35.88061786067689
323,33,06/04/2019 19:45,John Smith's Stadium,Huddersfield,Leicester,,H,40.05493095246989,19.306079417471523,40.63898963005859
324,33,06/04/2019 19:45,Etihad Stadium,Man City,Cardiff,,H,40.30426015546102,13.711780484960848,45.98395935957813
325,33,06/04/2019 19:45,St. James' Park,Newcastle,Crystal Palace,,A,43.71491840044004,16.941246067770813,39.343835531789146
326,33,06/04/2019 19:45,St. Mary's Stadium,Southampton,Liverpool,,D,32.08456869536305,41.397055006372504,26.51837629826445
327,33,06/04/2019 19:45,Tottenham Hotspur Stadium,Spurs,Brighton,,H,37.5839741302715,21.91167973608364,40.504346133644866
328,33,06/04/2019 19:45,Vicarage Road,Watford,Fulham,,D,27.84914625299636,40.12913549423753,32.02171825276611
329,33,06/04/2019 19:45,Molineux Stadium,Wolves,Man Utd,,A,41.03388661889052,24.993519664775857,33.97259371633362
330,34,13/04/2019 19:45,Amex Stadium,Brighton,Bournemouth,,D,23.56227874825895,46.61530554436759,29.822415707373462
331,34,13/04/2019 19:45,Turf Moor,Burnley,Cardiff,,A,44.98387934406064,11.106612826625959,43.9095078293134
332,34,13/04/2019 19:45,Selhurst Park,Crystal Palace,Man City,,A,47.038753124578875,17.448001347446624,35.513245527974505
333,34,13/04/2019 19:45,Craven Cottage,Fulham,Everton,,D,29.908306671470093,39.15622672022452,30.9354666083054
334,34,13/04/2019 19:45,King Power Stadium,Leicester,Newcastle,,H,37.10921792232692,24.62952019688212,38.26126188079097
335,34,13/04/2019 19:45,Anfield,Liverpool,Chelsea,,A,35.326926473708674,34.74812941440214,29.92494411188918
336,34,13/04/2019 19:45,Old Trafford,Man Utd,West Ham,,H,29.51829561815689,25.8471415705675,44.63456281127559
337,34,13/04/2019 19:45,St. Mary's Stadium,Southampton,Wolves,,D,34.58239319496981,40.89048105164893,24.527125753381256
338,34,13/04/2019 19:45,Tottenham Hotspur Stadium,Spurs,Huddersfield,,H,34.10112536785202,30.878770939016803,35.02010369313118
339,34,13/04/2019 19:45,Vicarage Road,Watford,Arsenal,,D,34.946007866856874,35.98540303187863,29.068589101264504
340,35,20/04/2019 19:45,Emirates Stadium,Arsenal,Crystal Palace,,H,35.10235836578133,22.435505755072803,42.46213587914587
341,35,20/04/2019 19:45,Vitality Stadium,Bournemouth,Fulham,,D,24.099561838755946,43.99942631151865,31.901011849725403
342,35,20/04/2019 19:45,Cardiff City Stadium,Cardiff,Liverpool,,A,40.64533087869946,24.144362469511307,35.21030665178923
343,35,20/04/2019 19:45,Stamford Bridge,Chelsea,Burnley,,H,29.814440787025664,33.2484183177927,36.93714089518163
344,35,20/04/2019 19:45,Goodison Park,Everton,Man Utd,,H,34.498901580965,29.7333039779646,35.76779444107041
345,35,20/04/2019 19:45,John Smith's Stadium,Huddersfield,Watford,,H,36.11762978318553,18.194657555481722,45.687712661332746
346,35,20/04/2019 19:45,Etihad Stadium,Man City,Spurs,,H,37.69339506686841,22.430884854773037,39.87572007835855
347,35,20/04/2019 19:45,St. James' Park,Newcastle,Southampton,,H,35.471307178932115,27.531222261344656,36.99747055972323
348,35,20/04/2019 19:45,London Stadium,West Ham,Leicester,,A,42.69089567314426,18.80765856056881,38.50144576628693
349,35,20/04/2019 19:45,Molineux Stadium,Wolves,Brighton,,H,35.2747603609749,25.689478349062345,39.03576128996275
350,36,27/04/2019 19:45,Amex Stadium,Brighton,Newcastle,,H,29.883424491129425,33.77639356439112,36.340181944479454
351,36,27/04/2019 19:45,Turf Moor,Burnley,Man City,,A,41.96527434380679,19.35975281872177,38.67497283747144
352,36,27/04/2019 19:45,Selhurst Park,Crystal Palace,Everton,,A,37.874041382704064,29.602245798288706,32.52371281900723
353,36,27/04/2019 19:45,Craven Cottage,Fulham,Cardiff,,A,43.23789063891942,15.399105043308053,41.36300431777253
354,36,27/04/2019 19:45,King Power Stadium,Leicester,Arsenal,,D,32.96044064872562,36.684627864183675,30.354931487090703
355,36,27/04/2019 19:45,Anfield,Liverpool,Huddersfield,,D,26.438818874808135,47.75862294683596,25.8025581783559
356,36,27/04/2019 19:45,Old Trafford,Man Utd,Chelsea,,H,36.28931343592882,21.89039625822689,41.820290305844296
357,36,27/04/2019 19:45,St. Mary's Stadium,Southampton,Bournemouth,,D,30.89456539340369,41.51227413387912,27.593160472717198
358,36,27/04/2019 19:45,Tottenham Hotspur Stadium,Spurs,West Ham,,H,35.10104268943795,23.765906226761683,41.13305108380036
359,36,27/04/2019 19:45,Vicarage Road,Watford,Wolves,,D,36.07593168523168,36.13109021211683,27.792978102651478
360,37,04/05/2019 19:45,Emirates Stadium,Arsenal,Brighton,,H,28.65454911306265,32.25473031088257,39.09072057605478
361,37,04/05/2019 19:45,Vitality Stadium,Bournemouth,Spurs,,A,33.73938308731226,33.585342544553676,32.675274368134055
362,37,04/05/2019 19:45,Cardiff City Stadium,Cardiff,Crystal Palace,,A,46.01069643096304,13.803693889938435,40.18560967909853
363,37,04/05/2019 19:45,Stamford Bridge,Chelsea,Watford,,H,32.4237814306397,24.009276786355336,43.56694178300498
364,37,04/05/2019 19:45,Goodison Park,Everton,Burnley,,H,28.120645182630188,29.349299402745544,42.53005541462427
365,37,04/05/2019 19:45,John Smith's Stadium,Huddersfield,Man Utd,,A,40.977503599507244,26.57455108703985,32.447945313452905
366,37,04/05/2019 19:45,Etihad Stadium,Man City,Leicester,,H,37.90453162828378,17.64097480714209,44.45449356457413
367,37,04/05/2019 19:45,St. James' Park,Newcastle,Liverpool,,A,37.6502672602592,28.604075578787896,33.74565716095291
368,37,04/05/2019 19:45,London Stadium,West Ham,Southampton,,A,35.805736543452234,28.886267658863858,35.30799579768391
369,37,04/05/2019 19:45,Molineux Stadium,Wolves,Fulham,,H,29.388916051350826,32.666167097958535,37.94491685069063
370,38,12/05/2019 19:45,Amex Stadium,Brighton,Man City,,D,27.382043224177277,41.36505234142455,31.252904434398175
371,38,12/05/2019 19:45,Turf Moor,Burnley,Arsenal,,A,40.423268057389514,23.737351780992206,35.83938016161827
372,38,12/05/2019 19:45,Selhurst Park,Crystal Palace,Bournemouth,,A,42.15264616108366,22.570500142951204,35.27685369596513
373,38,12/05/2019 19:45,Craven Cottage,Fulham,Newcastle,,A,40.78240996310258,19.684338800129627,39.53325123676779
374,38,12/05/2019 19:45,King Power Stadium,Leicester,Chelsea,,A,36.32510924947911,30.937104493281314,32.73778625723956
375,38,12/05/2019 19:45,Anfield,Liverpool,Wolves,,D,32.95364050839397,40.70917184640127,26.337187645204768
376,38,12/05/2019 19:45,Old Trafford,Man Utd,Cardiff,,H,38.18218933740165,13.031711618885044,48.78609904371331
377,38,12/05/2019 19:45,St. Mary's Stadium,Southampton,Huddersfield,,D,27.90199369283104,48.02588945674782,24.072116850421125
378,38,12/05/2019 19:45,Tottenham Hotspur Stadium,Spurs,Everton,,H,32.17732596356658,32.71732408554282,35.1053499508906
379,38,12/05/2019 19:45,Vicarage Road,Watford,West Ham,,D,31.175967029836066,35.15668659629436,33.66734637386956
